<?xml version="1.0" encoding="UTF-8"?>
<project-private xmlns="http://www.netbeans.org/ns/project-private/1">
    <editor-bookmarks xmlns="http://www.netbeans.org/ns/editor-bookmarks/2" lastBookmarkId="0"/>
    <open-files xmlns="http://www.netbeans.org/ns/projectui-open-files/2">
        <group>
            <file>file:/C:/Users/agirrezabala.peru/Desktop/programazioa/2UD/02-LaukienProiektua/src/HiruLaukiSortu.java</file>
            <file>file:/C:/Users/agirrezabala.peru/Desktop/programazioa/2UD/02-LaukienProiektua/src/LaukiBatSortu.java</file>
            <file>file:/C:/Users/agirrezabala.peru/Desktop/programazioa/2UD/02-LaukienProiektua/src/Laukia.java</file>
            <file>file:/C:/Users/agirrezabala.peru/Desktop/programazioa/2UD/02-LaukienProiektua/src/LaukiAskoSortu.java</file>
        </group>
    </open-files>
</project-private>
